Task,Hours_Spent
grading,7.818181818181818
planning,3.65625
teaching,5.636363636363637
